seed,success,collision,goal_reached,num_obstacles,total_steps,sim_time_s,wall_time_s,final_y,goal_progress,tcr,d_min,d_mean,mean_jerk,action_smoothness,mean_speed,total_distance,progress_per_step,mean_mae,mean_rmse
0,1,0,1,27,489,24.45,28.9,39.942,0.9986,0.02045,0.035,1.9149,0.011182,1.49482,2.2385,54.686,0.002042,1.8,2.1955
1,0,1,0,27,96,4.8,4.75,4.174,0.1044,0.04167,0.0651,2.6681,0.01328,1.43685,2.197,10.457,0.001087,1.5622,1.889
2,0,1,0,27,447,22.35,22.28,35.121,0.878,0.0179,0.069,2.0096,0.012785,1.40928,2.2802,50.889,0.001964,1.9472,2.2743
3,0,1,0,27,178,8.9,8.84,12.669,0.3167,0.02247,0.065,2.2071,0.014762,1.52845,2.334,20.634,0.001779,1.4223,1.6915
4,0,1,0,27,304,15.2,15.08,24.764,0.6191,0.05921,0.0114,1.7827,0.010811,1.50059,2.0385,30.95,0.002037,1.7667,2.0891
5,0,1,0,27,370,18.5,18.33,33.433,0.8358,0.02973,0.011,1.434,0.01059,1.46431,2.2548,41.653,0.002259,1.9031,2.2657
6,1,0,1,27,442,22.1,22.08,40.068,1.0017,0.00679,0.1215,1.7369,0.011519,1.43617,2.3507,51.843,0.002266,1.7077,2.0027
7,0,1,0,27,106,5.3,5.26,4.15,0.1037,0.16038,0.0196,2.1429,0.0129,1.49417,1.898,9.944,0.000979,1.5557,1.8602
8,0,0,0,27,500,25.0,24.91,33.324,0.8331,0.054,0.0613,2.0591,0.011992,1.51314,2.1941,54.753,0.001666,1.8452,2.1864
9,0,1,0,27,268,13.4,13.44,15.544,0.3886,0.0597,0.0102,2.1865,0.012633,1.48698,2.1274,28.386,0.00145,1.7346,2.0395
10,0,1,0,27,108,5.4,5.33,4.014,0.1003,0.0,2.0848,2.9,0.014825,1.36357,2.1204,11.513,0.000929,1.0788,1.3483
11,0,1,0,27,219,10.95,10.95,2.225,0.0556,0.0274,0.0623,2.9056,0.013393,1.58454,2.0308,22.198,0.000254,1.6081,1.9522
12,0,1,0,27,275,13.75,13.8,8.097,0.2024,0.06909,0.0231,3.5026,0.012034,1.46375,2.1855,29.961,0.000736,1.4861,1.8193
13,0,1,0,27,164,8.2,8.22,10.066,0.2516,0.12805,0.0246,1.536,0.011903,1.46953,2.0023,16.289,0.001534,1.8963,2.2168
14,0,1,0,27,323,16.15,16.07,10.946,0.2736,0.0,0.4792,2.581,0.011434,1.56496,2.0884,33.665,0.000847,1.5151,1.8726
15,0,1,1,27,489,24.45,24.55,39.958,0.9989,0.08589,0.0102,1.6618,0.010309,1.62393,2.047,50.015,0.002043,1.9446,2.3517
16,1,0,1,27,463,23.15,23.09,40.003,1.0001,0.03024,0.0544,1.4525,0.0119,1.48593,2.3114,53.444,0.00216,2.3181,2.7282
17,0,0,0,27,500,25.0,25.06,38.722,0.9681,0.0,0.1802,2.1517,0.010582,1.4979,2.3291,58.153,0.001936,1.6549,2.0193
18,0,1,1,27,466,23.3,23.29,40.017,1.0004,0.03648,0.0175,1.3239,0.011109,1.44345,2.1413,49.831,0.002147,1.8481,2.2596
19,0,1,0,27,500,25.0,24.97,31.317,0.7829,0.062,0.0139,1.7011,0.012194,1.51658,2.3658,59.056,0.001566,2.0565,2.4501
20,0,1,0,27,59,2.95,2.91,0.692,0.0173,0.0,2.624,4.0061,0.019784,1.45867,2.6421,7.641,0.000293,1.013,1.3075
21,1,0,1,27,470,23.5,23.43,40.03,1.0008,0.01277,0.0685,1.5762,0.011585,1.46448,2.2964,53.872,0.002129,1.8596,2.1664
22,1,0,1,27,437,21.85,21.93,40.024,1.0006,0.00458,0.1297,1.8996,0.010987,1.43496,2.2944,50.062,0.00229,1.654,2.0112
23,1,0,1,27,453,22.65,22.74,40.017,1.0004,0.04636,0.0561,1.5709,0.009978,1.49631,2.2066,49.934,0.002208,1.6752,2.0166
24,1,0,1,27,452,22.6,22.72,40.041,1.001,0.00885,0.0945,1.7189,0.010417,1.55561,2.2128,49.982,0.002215,1.815,2.209
25,1,0,1,27,428,21.4,21.49,40.033,1.0008,0.0,0.1888,1.5627,0.010292,1.54283,2.1893,46.803,0.002338,1.8253,2.159
26,0,1,0,27,216,10.8,10.8,11.163,0.2791,0.10185,0.0097,2.7291,0.011156,1.55004,2.0779,22.45,0.001292,1.4174,1.7516
27,0,1,0,27,500,25.0,25.16,24.077,0.6019,0.376,0.0093,1.1714,0.007794,1.5146,1.3568,33.872,0.001204,1.652,1.977
28,1,0,1,27,453,22.65,22.79,40.0,1.0,0.01325,0.0609,1.8918,0.011036,1.44366,2.3144,52.384,0.002208,1.7693,2.123
29,0,1,0,27,197,9.85,9.84,4.11,0.1028,0.10152,0.0081,3.3059,0.013604,1.54978,2.1162,20.784,0.000522,1.3379,1.6382
30,0,1,0,27,49,2.45,2.42,-1.773,-0.0443,0.0,3.0138,4.0778,0.019789,1.60396,2.4603,5.962,-0.000905,1.081,1.3756
31,1,0,1,27,484,24.2,24.35,40.002,1.0001,0.04545,0.0602,1.6391,0.010488,1.56317,2.1688,52.422,0.002066,1.6659,2.0233
32,0,1,0,27,118,5.9,5.89,5.096,0.1274,0.12712,0.01,2.2226,0.011788,1.66726,1.9148,11.276,0.00108,1.5729,1.9006
33,1,0,1,27,483,24.15,24.26,40.007,1.0002,0.00828,0.0842,1.9332,0.011991,1.43177,2.3558,56.804,0.002071,1.7827,2.1024
34,0,1,0,27,163,8.15,8.17,6.99,0.1748,0.09816,0.0503,2.228,0.011064,1.52949,1.8822,15.34,0.001072,1.6491,1.966
35,0,1,0,27,500,25.0,25.14,20.943,0.5236,0.394,0.0132,1.3218,0.006905,1.52255,1.2641,31.573,0.001047,1.5602,1.89
36,1,0,1,27,453,22.65,22.73,39.995,0.9999,0.01545,0.0632,1.7858,0.011554,1.5591,2.2519,50.967,0.002207,1.6474,2.0348
37,0,1,0,27,117,5.85,5.83,3.51,0.0878,0.0,0.679,2.3458,0.013498,1.40634,2.0312,11.887,0.00075,1.4258,1.7331
38,0,1,0,27,201,10.05,10.08,12.755,0.3189,0.15423,0.0091,1.4641,0.011336,1.407,1.9164,19.273,0.001587,2.0534,2.3756
39,0,1,0,27,84,4.2,4.19,-3.441,-0.086,0.0,2.2634,4.9328,0.014991,1.61881,2.4984,10.446,-0.001024,0.9198,1.2181
40,0,1,0,27,410,20.5,20.6,30.017,0.7504,0.0561,0.0383,1.7403,0.010513,1.48644,2.1974,44.974,0.00183,1.8136,2.1705
41,0,1,0,27,282,14.1,14.16,14.763,0.3691,0.0,2.8636,6.3498,0.013435,1.64328,2.4856,34.894,0.001309,1.486,1.8164
42,0,1,1,27,443,22.15,22.28,39.983,0.9996,0.01806,0.0139,1.5546,0.011012,1.56829,2.2205,49.14,0.002256,1.788,2.1244
43,1,0,1,27,438,21.9,22.01,40.013,1.0003,0.06849,0.0595,1.2318,0.010886,1.49697,2.2161,48.476,0.002284,1.8908,2.276
44,0,1,0,27,500,25.0,25.16,32.332,0.8083,0.054,0.0056,1.3528,0.012838,1.48527,2.1552,53.798,0.001617,2.1264,2.4712
45,0,1,0,27,176,8.8,8.82,2.309,0.0577,0.10227,0.0092,2.7823,0.014996,1.41834,1.9938,17.464,0.000328,1.5212,1.8559
46,0,1,0,27,231,11.55,11.65,14.861,0.3715,0.08658,0.011,2.0614,0.010717,1.59149,1.982,22.867,0.001608,1.602,1.9905
47,0,1,0,27,115,5.75,5.73,4.195,0.1049,0.15652,0.0074,1.8292,0.011779,1.61735,1.7929,10.352,0.000912,1.7691,2.1056
48,0,0,0,27,500,25.0,25.14,33.336,0.8334,0.018,0.0457,2.5646,0.011614,1.45875,2.3107,57.662,0.001667,1.7916,2.1358
49,0,1,0,27,286,14.3,14.33,21.713,0.5428,0.04196,0.0273,1.2056,0.011186,1.63714,2.0527,29.306,0.001898,1.8785,2.2742
50,1,0,1,27,477,23.85,24.02,39.994,0.9999,0.04193,0.0585,1.4627,0.010613,1.53958,2.118,50.474,0.002096,1.8017,2.205
51,0,1,0,27,109,5.45,5.44,2.245,0.0561,0.13761,0.009,2.5259,0.013439,1.58594,1.8393,9.912,0.000515,1.5245,1.7946
52,1,0,1,27,449,22.45,22.61,39.968,0.9992,0.02673,0.0476,1.8415,0.009847,1.59755,2.1043,47.203,0.002225,1.8309,2.2035
53,1,0,1,27,440,22.0,22.11,40.005,1.0001,0.01136,0.0656,1.528,0.009868,1.55019,2.2128,48.607,0.002273,1.918,2.3269
54,0,1,0,27,150,7.5,7.5,6.359,0.159,0.11333,0.0072,2.9239,0.011779,1.56802,1.819,13.701,0.00106,1.4755,1.8223
55,0,0,0,27,500,25.0,25.19,33.863,0.8466,0.056,0.0587,1.9596,0.011463,1.60193,2.0905,52.096,0.001693,1.8936,2.2607
56,0,1,0,27,164,8.2,8.22,11.979,0.2995,0.01829,0.082,2.0499,0.012988,1.48603,2.2507,18.393,0.001826,2.0159,2.4184
57,0,1,0,27,149,7.45,7.49,8.612,0.2153,0.0,1.9776,4.4254,0.013911,1.41486,2.4743,18.364,0.001445,2.2078,2.5626
58,0,1,0,27,297,14.85,14.93,19.557,0.4889,0.0,3.1452,9.6142,0.013155,1.59104,2.6821,39.709,0.001646,0.7336,1.0422
59,0,1,0,27,139,6.95,6.98,5.276,0.1319,0.0,1.3442,3.9975,0.018034,1.48193,2.4188,16.669,0.000949,1.0168,1.2985
60,1,0,1,27,450,22.5,22.64,39.983,0.9996,0.02889,0.0563,1.401,0.011306,1.52572,2.2671,50.962,0.002221,2.4268,2.8211
61,0,1,0,27,408,20.4,20.45,34.21,0.8552,0.02941,0.0091,1.3379,0.01094,1.50123,2.2499,45.855,0.002096,1.9095,2.2891
62,0,1,0,27,396,19.8,19.84,15.533,0.3883,0.10354,0.0073,1.7948,0.013974,1.44835,2.2653,44.731,0.000981,2.1309,2.487
63,1,0,1,27,437,21.85,21.96,40.019,1.0005,0.00915,0.0647,1.4563,0.010003,1.46209,2.1563,47.025,0.002289,1.712,2.0322
64,0,1,0,27,136,6.8,6.81,4.62,0.1155,0.0,0.4811,3.5673,0.016407,1.59038,2.3295,15.766,0.000849,1.1437,1.4341
65,0,1,0,27,50,2.5,2.48,-1.323,-0.0331,0.0,2.6488,3.7754,0.014044,1.62786,2.5185,6.277,-0.000661,1.0649,1.3743
66,0,1,0,27,341,17.05,17.09,13.199,0.33,0.01466,0.0632,3.0834,0.011309,1.51484,2.1812,37.112,0.000968,1.3867,1.6889
67,0,1,0,27,328,16.4,16.47,27.867,0.6967,0.03963,0.0111,1.7334,0.011475,1.43332,2.2566,36.918,0.002124,2.225,2.617
68,0,1,0,27,274,13.7,13.71,21.604,0.5401,0.04015,0.028,1.4685,0.012006,1.53983,2.1379,29.136,0.001971,1.9549,2.2863
69,0,1,0,27,427,21.35,21.48,35.933,0.8983,0.03981,0.0271,1.6417,0.012108,1.51113,2.294,48.852,0.002104,1.9903,2.3282
70,0,0,0,27,500,25.0,25.12,39.869,0.9967,0.0,3.5425,19.3121,0.011764,1.54745,2.7614,68.955,0.001993,0.6701,1.0285
71,0,1,0,27,390,19.5,19.66,29.388,0.7347,0.04103,0.0604,1.8122,0.010855,1.45838,2.247,43.674,0.001884,1.8454,2.1866
72,0,1,0,27,164,8.2,8.23,1.622,0.0406,0.0,1.8427,4.8828,0.014586,1.54592,2.1631,17.802,0.000247,1.0125,1.353
73,0,1,0,27,117,5.85,5.84,3.613,0.0903,0.06838,0.0612,1.8102,0.016589,1.59163,2.0894,12.142,0.000772,2.0932,2.4926
74,1,0,1,27,497,24.85,24.91,40.032,1.0008,0.03219,0.0611,1.853,0.010976,1.48216,2.1403,53.128,0.002014,1.8447,2.2057
75,0,0,0,27,500,25.0,25.12,33.57,0.8392,0.0,0.2281,2.9254,0.010438,1.4906,2.2651,56.522,0.001678,1.4955,1.8295
76,0,1,1,27,473,23.65,23.79,40.131,1.0033,0.03383,0.0033,1.9475,0.012159,1.52282,2.2857,53.942,0.002121,1.9982,2.345
77,0,1,0,27,57,2.85,2.82,-0.701,-0.0175,0.0,3.3494,3.8949,0.020565,1.52996,2.5195,7.008,-0.000308,1.17,1.4125
78,0,1,0,27,155,7.75,7.71,8.493,0.2123,0.03226,0.0385,2.5716,0.012871,1.5904,2.1458,16.599,0.00137,1.6977,1.9587
79,0,1,0,27,47,2.35,2.32,0.617,0.0154,0.0,2.2175,2.8131,0.020036,1.52301,2.6981,6.241,0.000328,1.1842,1.4317
80,0,0,0,27,500,25.0,25.14,34.942,0.8736,0.016,0.0634,1.941,0.011101,1.51127,2.1816,54.457,0.001747,1.7333,2.0896
81,1,0,1,27,477,23.85,23.97,40.005,1.0001,0.02935,0.0652,1.5596,0.009704,1.58264,2.1113,50.304,0.002097,1.6403,2.0123
82,0,1,0,27,170,8.5,8.5,5.587,0.1397,0.09412,0.0062,1.9816,0.014563,1.62381,1.9977,17.024,0.000822,1.3107,1.534
83,0,1,1,27,473,23.65,23.78,40.02,1.0005,0.03383,0.0127,1.6738,0.011542,1.5271,2.2111,52.259,0.002115,1.7521,2.1051
84,0,1,0,27,121,6.05,6.03,5.734,0.1433,0.1405,0.0054,2.2351,0.010428,1.54004,1.8792,11.376,0.001185,1.3601,1.6622
85,0,1,0,27,53,2.65,2.64,-0.673,-0.0168,0.0,2.264,3.639,0.013931,1.48257,2.5436,6.561,-0.000318,0.9877,1.2835
86,0,1,0,27,249,12.45,12.47,16.397,0.4099,0.06426,0.009,2.2584,0.011477,1.51928,2.0217,25.037,0.001646,1.5677,1.918
87,0,0,0,27,500,25.0,25.19,36.36,0.909,0.0,2.4963,14.2626,0.011177,1.46926,2.6385,65.873,0.001818,0.8784,1.2493
88,0,1,0,27,426,21.3,21.4,36.259,0.9065,0.02113,0.0652,1.8014,0.010778,1.54002,2.2218,47.293,0.002128,1.7526,2.1164
89,0,1,0,27,246,12.3,12.32,13.869,0.3467,0.0,1.8708,7.958,0.012157,1.54411,2.473,30.328,0.001409,0.9207,1.243
90,1,0,1,27,452,22.6,22.83,39.931,0.9983,0.01106,0.0632,1.8319,0.011074,1.49603,2.3612,53.316,0.002209,1.959,2.3598
91,0,1,0,27,217,10.85,10.86,14.781,0.3695,0.11982,0.0097,1.4023,0.01148,1.45242,1.9577,21.14,0.001703,1.85,2.1872
92,0,1,0,27,51,2.55,2.54,-2.764,-0.0691,0.0,2.5092,3.6978,0.018829,1.85767,2.4694,6.17,-0.001355,1.1582,1.4681
93,0,1,0,27,495,24.75,24.78,38.337,0.9584,0.02222,0.0488,1.725,0.013868,1.47177,2.3738,58.464,0.001936,1.9045,2.2633
94,1,0,1,27,444,22.2,22.24,40.019,1.0005,0.01126,0.0322,1.7357,0.010354,1.53198,2.2746,50.441,0.002253,1.6844,2.0629
95,0,1,0,27,107,5.35,5.34,3.741,0.0935,0.04673,0.06,2.598,0.01355,1.61593,1.828,9.775,0.000874,1.5489,1.8544
96,0,0,0,27,500,25.0,25.1,39.59,0.9898,0.022,0.0579,1.7662,0.012125,1.47498,2.2969,57.356,0.00198,1.728,2.1117
97,0,1,1,27,488,24.4,24.58,40.004,1.0001,0.04303,0.0079,1.7518,0.011639,1.49897,2.1247,51.708,0.002049,1.7331,2.1807
98,0,1,0,27,239,11.95,12.02,15.975,0.3994,0.06695,0.0048,1.7871,0.01221,1.49404,2.1253,25.414,0.001671,1.9565,2.2934
99,0,1,1,27,459,22.95,23.06,40.027,1.0007,0.07625,0.0147,1.3296,0.011875,1.5662,2.1487,49.164,0.00218,1.9947,2.321
100,0,1,0,27,123,6.15,6.14,1.814,0.0454,0.04065,0.0629,2.7961,0.012569,1.55982,1.971,12.006,0.000369,1.3947,1.6779
101,0,1,1,27,478,23.9,23.92,39.606,0.9902,0.03975,0.0138,1.5726,0.010288,1.61996,2.1032,50.211,0.002071,1.8901,2.2912
102,0,1,0,27,323,16.15,16.21,21.713,0.5428,0.0805,0.0246,1.4822,0.013173,1.49919,2.0846,33.521,0.001681,1.8509,2.1683
103,0,0,0,27,500,25.0,25.17,39.041,0.976,0.054,0.0546,1.8731,0.011066,1.48245,2.1658,54.051,0.001952,1.9149,2.2663
104,1,0,1,27,483,24.15,24.32,40.015,1.0004,0.03934,0.0594,1.6775,0.011412,1.44921,2.1929,52.907,0.002071,1.976,2.3327
105,0,1,0,27,385,19.25,19.31,31.213,0.7803,0.03117,0.017,1.6485,0.00975,1.59949,2.1265,40.958,0.002027,1.9144,2.289
106,1,0,1,27,479,23.95,24.15,40.101,1.0025,0.0,3.7635,14.3665,0.011958,1.5234,2.573,61.539,0.002093,0.73,1.0778
107,0,1,1,27,443,22.15,22.35,40.051,1.0013,0.06321,0.0131,1.2597,0.010483,1.47529,2.2631,50.052,0.00226,1.9971,2.3557
108,1,0,1,27,446,22.3,22.46,40.005,1.0001,0.01121,0.0385,1.4755,0.010087,1.48231,2.2197,49.446,0.002242,1.8644,2.3101
109,0,1,0,27,278,13.9,13.93,12.03,0.3008,0.08273,0.0089,2.3694,0.01449,1.56358,2.0994,29.101,0.001082,1.6741,1.979
110,1,0,1,27,441,22.05,22.27,39.982,0.9995,0.0068,0.1304,1.6167,0.010148,1.52392,2.2215,48.945,0.002267,1.7355,2.0951
111,0,1,0,27,202,10.1,10.15,12.718,0.318,0.0,0.5049,1.9061,0.011848,1.48992,2.1804,21.919,0.001574,1.2992,1.5766
112,0,1,1,27,468,23.4,23.57,39.927,0.9982,0.0235,0.0111,1.5112,0.011529,1.53731,2.3125,54.055,0.002133,1.7532,2.1246
113,0,1,0,27,181,9.05,9.09,8.183,0.2046,0.10497,0.0094,1.8388,0.013112,1.49899,1.8695,16.854,0.00113,1.8165,2.1266
114,1,0,1,27,487,24.35,24.46,40.046,1.0012,0.00821,0.0663,1.942,0.011264,1.52222,2.2297,54.199,0.002056,1.7108,2.04
115,1,0,1,27,448,22.4,22.45,40.005,1.0001,0.01562,0.088,1.6848,0.009893,1.55718,2.274,50.859,0.002232,1.6839,2.1016
116,0,1,0,27,215,10.75,10.74,12.999,0.325,0.06977,0.0624,1.8858,0.012103,1.61008,2.0719,22.158,0.001511,2.0486,2.4241
117,1,0,1,27,462,23.1,23.28,39.864,0.9966,0.02597,0.0697,1.7299,0.010895,1.49209,2.3134,53.397,0.002157,1.6527,1.9865
118,0,1,0,27,500,25.0,25.28,38.485,0.9621,0.08,0.0113,1.6812,0.011868,1.53439,2.1961,54.812,0.001924,1.9259,2.3375
119,0,1,0,27,403,20.15,20.29,28.465,0.7116,0.0397,0.0141,1.9427,0.011412,1.56842,2.1594,43.335,0.001766,1.9057,2.2977
120,0,1,0,27,123,6.15,6.15,4.838,0.121,0.10569,0.008,2.6211,0.012731,1.66943,1.8764,11.44,0.000983,1.799,2.0935
121,0,1,0,27,205,10.25,10.28,11.196,0.2799,0.1122,0.0089,1.5752,0.01157,1.53997,1.9214,19.6,0.001365,2.0253,2.3981
122,0,1,0,27,213,10.65,10.68,13.947,0.3487,0.12207,0.0076,1.516,0.010799,1.56955,1.9748,21.044,0.001637,1.8317,2.1673
123,0,1,0,27,458,22.9,23.08,32.222,0.8055,0.03493,0.0228,1.6097,0.012275,1.56835,2.1137,48.351,0.001759,2.1966,2.5802
124,0,1,0,27,52,2.6,2.58,0.747,0.0187,0.0,3.5318,4.5855,0.016085,1.53488,2.7218,7.041,0.000359,1.0038,1.2738
125,0,1,0,27,215,10.75,10.77,15.189,0.3797,0.09767,0.009,1.7262,0.011091,1.55556,1.9285,20.694,0.001766,2.0775,2.4271
126,0,1,0,27,373,18.65,18.75,25.942,0.6485,0.04826,0.0151,2.0473,0.011945,1.5324,2.084,38.706,0.001739,1.8209,2.169
127,0,1,1,27,479,23.95,24.06,40.046,1.0011,0.07516,0.0167,1.169,0.01166,1.47929,2.1537,51.516,0.00209,2.0764,2.4482
128,0,1,0,27,156,7.8,7.84,8.897,0.2224,0.02564,0.068,2.5452,0.012744,1.64178,1.9952,15.481,0.001426,1.6935,1.9791
129,0,1,0,27,195,9.75,9.75,10.872,0.2718,0.0,0.3596,2.4385,0.012439,1.48527,2.0649,20.216,0.001394,1.7947,2.0845
130,0,1,0,27,164,8.2,8.21,9.044,0.2261,0.04878,0.0571,2.0708,0.014717,1.46242,2.0931,17.008,0.001379,1.6251,1.973
131,0,1,0,27,236,11.8,11.91,15.178,0.3794,0.07627,0.0614,1.3366,0.010186,1.54286,1.9342,22.877,0.001608,1.8831,2.27
132,1,0,1,27,453,22.65,22.7,39.963,0.9991,0.02428,0.061,1.3604,0.009928,1.48003,2.0991,47.502,0.002205,2.0186,2.3871
133,1,0,1,27,500,25.0,25.09,40.032,1.0008,0.054,0.0603,1.7206,0.011271,1.4769,2.179,54.365,0.002002,1.7885,2.1533
134,1,0,1,27,493,24.65,24.82,40.098,1.0024,0.0,2.944,14.0272,0.012299,1.5252,2.5794,63.492,0.002033,0.7535,1.1129
135,0,0,0,27,500,25.0,25.2,37.88,0.947,0.008,0.0773,2.0205,0.012511,1.48891,2.4366,60.804,0.001894,1.5991,1.9593
136,1,0,1,27,444,22.2,22.36,40.053,1.0013,0.04054,0.0266,1.576,0.010961,1.4676,2.3114,51.242,0.002255,2.1006,2.5065
137,0,1,0,27,425,21.25,21.35,36.113,0.9028,0.07059,0.0152,1.3132,0.011493,1.62893,2.2457,47.682,0.002124,1.7373,2.0971
138,0,1,0,27,187,9.35,9.4,10.412,0.2603,0.1123,0.0082,1.593,0.010572,1.41927,1.8866,17.664,0.001392,1.7171,2.0724
139,0,1,0,27,115,5.75,5.77,9.593,0.2398,0.0,0.8482,3.1401,0.018296,1.52539,2.7777,15.805,0.002086,1.3089,1.5633
140,0,1,0,27,215,10.75,10.8,9.365,0.2341,0.09302,0.0466,2.7545,0.014885,1.49127,2.2071,23.704,0.001089,1.5203,1.8391
141,0,1,0,27,154,7.7,7.71,8.919,0.223,0.12338,0.0093,2.2483,0.011846,1.50747,2.0065,15.347,0.001448,1.7188,1.9899
142,1,0,1,27,458,22.9,23.07,40.056,1.0014,0.03057,0.0588,1.5508,0.012345,1.42389,2.2884,52.355,0.002186,1.9552,2.2608
143,0,1,0,27,295,14.75,14.85,16.891,0.4223,0.06441,0.0189,1.9508,0.01272,1.50334,1.958,28.81,0.001431,2.5204,2.8864
144,0,1,0,27,291,14.55,14.53,7.475,0.1869,0.12371,0.0058,3.3096,0.012172,1.48804,1.9079,27.712,0.000642,1.545,1.8542
145,0,0,0,27,500,25.0,25.21,39.626,0.9907,0.054,0.0597,1.8567,0.009596,1.57372,2.1365,53.355,0.001981,1.8578,2.2209
146,1,0,1,27,436,21.8,22.03,39.908,0.9977,0.00917,0.1201,1.5893,0.011053,1.37709,2.3757,51.753,0.002288,1.6614,2.0183
147,0,0,0,27,500,25.0,25.17,34.178,0.8545,0.034,0.0606,1.7224,0.013326,1.42324,2.3494,58.685,0.001709,2.0549,2.3643
148,0,1,0,27,266,13.3,13.34,15.47,0.3867,0.03383,0.0609,1.5574,0.013885,1.45198,2.154,28.554,0.001454,1.6809,2.0041
149,0,1,0,27,327,16.35,16.42,16.674,0.4168,0.03058,0.0075,2.4443,0.012216,1.57267,2.1644,35.322,0.001275,1.4137,1.7068
150,0,0,0,27,500,25.0,25.01,17.641,0.441,0.0,3.8815,18.5219,0.012011,1.5023,2.4883,62.12,0.000882,0.5952,0.9888
151,0,1,0,27,167,8.35,8.35,7.333,0.1833,0.11377,0.0103,2.6719,0.011736,1.55535,1.8995,15.845,0.001098,1.853,2.1163
152,0,0,0,27,500,25.0,25.16,39.412,0.9853,0.028,0.0584,1.6831,0.011135,1.48013,2.2631,56.523,0.001971,2.0389,2.4076
153,0,1,0,27,94,4.7,4.66,1.893,0.0473,0.0,0.922,3.1785,0.014959,1.56096,2.2884,10.602,0.000504,1.2002,1.5255
154,0,0,0,27,500,25.0,25.11,37.455,0.9364,0.036,0.0609,1.8393,0.011607,1.51065,2.2461,56.071,0.001873,1.8615,2.2451
155,0,1,0,27,330,16.5,16.53,25.175,0.6294,0.04848,0.0527,1.6776,0.012358,1.49728,2.2403,36.88,0.001907,2.1741,2.5388
156,0,1,1,27,498,24.9,25.04,39.989,0.9997,0.03012,0.0135,1.5329,0.01113,1.52099,2.2399,55.726,0.002007,1.9213,2.2806
157,1,0,1,27,434,21.7,21.79,39.949,0.9987,0.01152,0.0893,1.4028,0.010701,1.47388,2.3137,50.166,0.002301,1.7933,2.1663
158,0,1,0,27,289,14.45,14.53,21.553,0.5388,0.0346,0.0122,2.1631,0.010526,1.56337,2.1422,30.849,0.001864,1.7391,2.0503
159,0,1,0,27,155,7.75,7.77,4.662,0.1165,0.0,2.6587,4.368,0.013843,1.36392,1.924,14.848,0.000752,0.9485,1.2807
160,0,1,1,27,464,23.2,23.32,40.071,1.0018,0.06897,0.0133,1.3899,0.011292,1.50016,2.186,50.611,0.002159,2.0545,2.4098
161,0,1,0,27,126,6.3,6.32,2.97,0.0742,0.16667,0.0092,2.0037,0.014703,1.59764,1.857,11.666,0.000589,1.8436,2.1602
162,0,1,0,27,201,10.05,10.09,13.491,0.3373,0.06468,0.0324,1.8569,0.013569,1.60521,2.1472,21.562,0.001678,1.6287,1.9311
163,1,0,1,27,441,22.05,22.17,40.021,1.0005,0.0,0.3177,1.5417,0.009567,1.48789,2.2679,49.917,0.002269,1.5344,1.8839
164,0,1,0,27,195,9.75,9.79,8.86,0.2215,0.02564,0.0554,2.3451,0.013819,1.47367,2.1803,21.142,0.001136,1.3991,1.685
165,0,1,0,27,135,6.75,6.75,4.255,0.1064,0.12593,0.0149,2.784,0.016328,1.67819,2.0691,13.947,0.000788,1.2577,1.5718
166,0,1,0,27,57,2.85,2.84,-5.387,-0.1347,0.0,2.1482,3.986,0.02056,1.50554,2.9432,8.221,-0.002363,1.2287,1.5641
167,1,0,1,27,454,22.7,22.91,39.924,0.9981,0.01982,0.06,1.4978,0.010251,1.50479,2.1536,48.864,0.002198,1.8011,2.215
168,0,1,0,27,355,17.75,17.8,24.445,0.6111,0.04507,0.0139,1.9107,0.01194,1.59186,2.1524,38.083,0.001722,1.8378,2.2403
169,0,1,0,27,435,21.75,21.84,36.207,0.9052,0.06207,0.0122,1.4488,0.011405,1.52716,2.166,47.033,0.002081,1.6098,1.9712
170,0,1,0,27,236,11.8,11.84,14.868,0.3717,0.01695,0.0631,2.0399,0.015358,1.40709,2.3389,27.481,0.001575,1.9214,2.1961
171,0,1,0,27,231,11.55,11.56,8.153,0.2038,0.0,1.5515,4.2521,0.015231,1.36523,2.0986,24.196,0.000882,1.5058,1.9338
172,0,1,0,27,500,25.0,25.14,38.583,0.9646,0.052,0.0176,1.3501,0.01161,1.49757,2.2156,55.318,0.001929,2.0784,2.5029
173,0,1,0,27,58,2.9,2.89,-0.162,-0.0041,0.0,2.2908,3.091,0.019481,1.41615,2.6071,7.45,-7e-05,1.1966,1.4476
174,0,1,0,27,178,8.9,8.91,10.541,0.2635,0.11236,0.0084,1.6966,0.012287,1.63942,1.8741,16.683,0.00148,2.1875,2.4963
175,1,0,1,27,469,23.45,23.51,39.808,0.9952,0.0,0.173,1.6651,0.009369,1.62218,2.1445,50.249,0.002122,1.5951,1.9671
176,0,1,0,27,402,20.1,20.17,36.251,0.9063,0.04478,0.0208,1.2488,0.010395,1.5648,2.1388,42.959,0.002254,1.9137,2.3204
177,0,1,0,27,114,5.7,5.71,3.948,0.0987,0.15789,0.0057,2.9112,0.012877,1.62291,1.9091,10.776,0.000866,1.5791,1.8634
178,0,1,0,27,378,18.9,18.91,33.555,0.8389,0.02381,0.0413,1.883,0.011186,1.47381,2.2175,41.861,0.002219,2.0794,2.4357
179,0,1,0,27,112,5.6,5.61,3.022,0.0755,0.05357,0.0613,2.9176,0.012565,1.51516,1.9473,10.886,0.000675,1.3896,1.6819
180,0,1,0,27,399,19.95,20.03,27.084,0.6771,0.04762,0.0258,1.9077,0.012491,1.46145,2.3026,45.903,0.001697,1.7976,2.14
181,1,0,1,27,438,21.9,22.04,40.042,1.0011,0.01826,0.0604,1.7372,0.011625,1.47137,2.3552,51.467,0.002286,1.7387,2.067
182,0,1,1,27,476,23.8,23.93,40.029,1.0007,0.03782,0.0123,1.3896,0.010592,1.50245,2.045,48.62,0.002102,1.8066,2.1985
183,0,1,0,27,212,10.6,10.64,4.915,0.1229,0.0,2.4168,7.2135,0.013675,1.6151,2.3387,24.593,0.00058,0.8618,1.1774
184,0,1,0,27,500,25.0,25.3,36.13,0.9033,0.074,0.0141,1.4696,0.011771,1.55842,2.1758,54.305,0.001807,1.7222,2.1042
185,0,1,0,27,400,20.0,20.16,33.696,0.8424,0.0425,0.0122,1.6819,0.011688,1.50466,2.2234,44.423,0.002106,1.8016,2.1492
186,1,0,1,27,488,24.4,24.53,39.946,0.9987,0.03484,0.0614,1.4858,0.01079,1.52574,2.1473,52.357,0.002046,1.865,2.2199
187,0,1,0,27,185,9.25,9.26,2.727,0.0682,0.07568,0.0088,3.9294,0.012411,1.51963,2.05,19.0,0.000368,1.5741,1.942
188,1,0,1,27,445,22.25,22.38,40.031,1.0008,0.01573,0.0698,1.6253,0.012782,1.40785,2.4422,54.275,0.002249,1.708,2.0416
189,0,1,1,27,473,23.65,23.92,40.011,1.0003,0.03171,0.0165,1.452,0.010763,1.53847,2.1003,49.609,0.002115,1.8996,2.3223
190,0,1,0,27,358,17.9,17.91,31.776,0.7944,0.01117,0.0598,1.7331,0.012048,1.47728,2.394,42.793,0.002219,1.6989,2.023
191,0,1,0,27,51,2.55,2.53,-1.827,-0.0457,0.0,3.3487,4.002,0.014795,1.60422,2.5282,6.264,-0.000896,1.096,1.3556
192,0,1,0,27,500,25.0,25.23,39.536,0.9884,0.032,0.0121,1.6824,0.009792,1.53072,2.1197,52.948,0.001977,1.8834,2.2846
193,0,0,0,27,500,25.0,25.21,34.254,0.8563,0.01,0.0561,1.9712,0.011612,1.57167,2.2356,55.808,0.001713,1.7237,2.079
194,1,0,1,27,470,23.5,23.81,40.038,1.0009,0.00851,0.0609,1.7496,0.011189,1.51511,2.2528,52.869,0.00213,1.6811,2.0553
195,0,1,0,27,429,21.45,21.59,33.895,0.8474,0.03963,0.047,2.0744,0.0109,1.58849,2.2398,48.02,0.001975,1.8558,2.2301
196,1,0,1,27,440,22.0,22.18,40.018,1.0004,0.01364,0.0623,1.5888,0.010604,1.4662,2.3578,51.808,0.002274,1.8398,2.2286
197,0,1,0,27,300,15.0,15.04,21.226,0.5307,0.09333,0.0114,2.0252,0.011269,1.48974,2.0329,30.425,0.001769,2.0985,2.4193
198,0,1,0,27,54,2.7,2.68,-2.563,-0.0641,0.0,2.2151,3.5845,0.01994,1.70813,2.6226,6.969,-0.001186,0.9831,1.292
199,0,1,0,27,106,5.3,5.3,-3.613,-0.0903,0.0,2.4695,4.7462,0.015812,1.52054,2.2023,11.663,-0.000852,0.8515,1.098
200,0,1,0,27,125,6.25,6.25,5.48,0.137,0.0,0.5332,2.1637,0.014269,1.431,2.0229,12.667,0.001096,1.2808,1.5417
201,0,1,0,27,53,2.65,2.62,-3.25,-0.0813,0.0,2.1684,3.616,0.018144,1.58768,2.551,6.612,-0.001533,1.0444,1.3391
202,0,1,0,27,429,21.45,21.54,35.32,0.883,0.0303,0.0587,1.4671,0.01223,1.45512,2.2295,47.73,0.002058,2.1221,2.5168
203,0,1,0,27,371,18.55,18.62,31.064,0.7766,0.04852,0.039,1.2448,0.011931,1.45913,2.165,40.077,0.002093,2.1399,2.511
204,0,1,0,27,44,2.2,2.18,-0.994,-0.0248,0.0,3.2448,3.6941,0.016403,1.43793,2.4525,5.342,-0.000565,1.0927,1.3606
205,0,1,0,27,402,20.1,20.11,23.826,0.5957,0.06716,0.0122,1.83,0.012869,1.44789,2.202,44.226,0.001482,1.9044,2.294
206,0,0,0,27,500,25.0,25.22,30.423,0.7606,0.02,0.0552,2.4136,0.01112,1.54338,2.1993,54.935,0.001521,1.8644,2.2124
207,0,1,0,27,390,19.5,19.65,27.054,0.6763,0.04359,0.0102,1.7602,0.011293,1.55885,1.9871,38.714,0.001734,1.8587,2.2159
208,0,1,0,27,339,16.95,16.98,28.459,0.7115,0.01475,0.0611,1.7101,0.011532,1.49454,2.3488,39.649,0.002099,2.0015,2.3256
209,0,1,0,27,208,10.4,10.41,14.159,0.354,0.05288,0.0567,1.8465,0.012267,1.56932,2.0186,20.911,0.001702,1.789,2.0788
210,1,0,1,27,444,22.2,22.3,39.961,0.999,0.01351,0.0624,1.6909,0.011179,1.37011,2.2914,50.778,0.00225,1.8765,2.2353
211,0,1,0,27,316,15.8,15.94,24.32,0.608,0.04114,0.0071,1.7352,0.010509,1.53768,2.0918,33.016,0.001924,1.9417,2.3147
212,0,1,0,27,293,14.65,14.69,14.727,0.3682,0.0,0.4218,2.0843,0.013719,1.61678,2.2378,32.794,0.001257,1.5386,1.8154
213,0,1,0,27,110,5.5,5.5,4.595,0.1149,0.13636,0.0109,2.5681,0.013799,1.46566,1.9784,10.866,0.001044,1.7783,2.0711
214,0,1,0,27,132,6.6,6.6,1.433,0.0358,0.0,2.8125,6.2064,0.013835,1.50957,2.5342,16.633,0.000271,1.1429,1.4702
215,0,1,0,27,98,4.9,4.89,-2.339,-0.0585,0.0,2.9029,4.4223,0.019539,1.57858,2.5494,12.322,-0.000597,0.919,1.2495
216,1,0,1,27,482,24.1,24.28,39.856,0.9964,0.07469,0.0541,1.2439,0.011682,1.55193,2.1311,51.26,0.002067,1.8834,2.2794
217,0,1,0,27,95,4.75,4.75,4.436,0.1109,0.0,0.8791,3.4037,0.013862,1.51512,2.3773,11.213,0.001167,1.2485,1.5291
218,1,0,1,27,454,22.7,22.91,38.584,0.9646,0.03084,0.0614,1.5334,0.010323,1.52596,2.0884,47.346,0.002125,1.9893,2.3532
219,0,1,0,27,158,7.9,7.88,4.521,0.113,0.0,1.2727,2.678,0.014568,1.54688,2.4022,18.862,0.000715,1.2911,1.5449
220,0,1,0,27,254,12.7,12.74,9.443,0.2361,0.0,2.6512,5.1399,0.013013,1.47684,2.2433,28.434,0.000929,1.5385,1.893
221,0,1,0,27,140,7.0,7.01,6.405,0.1601,0.08571,0.018,3.1849,0.013161,1.4661,2.3024,16.136,0.001144,1.7416,2.047
222,0,1,0,27,261,13.05,13.1,4.069,0.1017,0.03065,0.055,2.0816,0.015728,1.46691,2.2301,29.139,0.00039,1.2111,1.4776
223,0,1,0,27,169,8.45,8.47,6.643,0.1661,0.13609,0.0086,1.618,0.017976,1.73612,2.249,18.806,0.000983,1.6356,1.8951
224,0,1,0,27,252,12.6,12.62,7.251,0.1813,0.08333,0.0259,3.1995,0.011707,1.52968,2.0173,25.303,0.000719,1.2934,1.6292
225,0,1,0,27,116,5.8,5.8,4.259,0.1065,0.03448,0.0624,2.2339,0.013757,1.39517,2.0132,11.51,0.000918,1.6704,2.0177
226,0,1,0,27,500,25.0,25.12,37.481,0.937,0.05,0.0188,1.9645,0.010641,1.59377,2.1245,52.969,0.001874,1.8515,2.2101
227,0,1,0,27,421,21.05,21.15,30.715,0.7679,0.01663,0.0294,1.6193,0.010566,1.56808,2.1761,45.691,0.001824,1.9443,2.3097
228,0,1,0,27,299,14.95,15.03,21.586,0.5397,0.10702,0.0098,1.8541,0.01329,1.56809,2.1277,31.648,0.001805,1.9786,2.3433
229,0,1,0,27,298,14.9,15.01,20.644,0.5161,0.06711,0.0106,1.9202,0.011012,1.55828,1.9777,29.394,0.001732,1.9737,2.2941
230,0,1,0,27,114,5.7,5.71,5.071,0.1268,0.14035,0.0079,2.1015,0.014838,1.42408,2.0604,11.77,0.001112,1.9586,2.2868
231,0,1,0,27,278,13.9,14.01,21.853,0.5463,0.02158,0.031,2.1498,0.010227,1.52025,2.0848,28.9,0.001965,1.814,2.1557
232,0,1,0,27,254,12.7,12.79,16.3,0.4075,0.11024,0.0078,1.7667,0.00994,1.5686,1.8946,24.078,0.001604,1.6503,1.9701
233,0,1,0,27,53,2.65,2.63,-1.324,-0.0331,0.0,3.0321,4.4561,0.015151,1.8164,2.5236,6.59,-0.000624,1.1114,1.3618
234,0,1,0,27,169,8.45,8.5,8.044,0.2011,0.15976,0.0071,1.7532,0.011917,1.51306,1.8183,15.269,0.00119,1.8451,2.1169
235,0,1,0,27,114,5.7,5.73,1.534,0.0383,0.0,2.4603,4.495,0.01539,1.53194,2.4118,13.739,0.000336,1.3193,1.707
236,0,1,0,27,338,16.9,16.95,26.301,0.6575,0.04438,0.0589,1.4389,0.010563,1.5404,2.0278,34.282,0.001945,1.9566,2.3048
237,0,1,0,27,332,16.6,16.66,15.062,0.3766,0.0,3.4554,10.453,0.01334,1.57009,2.505,41.415,0.001134,0.7401,1.0955
238,0,1,0,27,124,6.2,6.23,5.882,0.1471,0.10484,0.0079,2.5866,0.013589,1.514,1.8528,11.406,0.001186,1.6184,1.9165
239,1,0,1,27,437,21.85,21.95,40.005,1.0001,0.01602,0.1018,1.5659,0.009448,1.49489,2.2074,48.155,0.002289,1.6355,2.0167
240,0,1,0,27,95,4.75,4.74,2.589,0.0647,0.0,0.6042,3.6676,0.015832,1.37183,2.4146,11.463,0.000681,1.0543,1.3771
241,0,1,0,27,259,12.95,13.07,14.304,0.3576,0.02317,0.0586,2.3483,0.013464,1.51217,2.2206,28.623,0.001381,1.9432,2.2589
242,0,1,0,27,192,9.6,9.61,2.422,0.0606,0.10938,0.0073,4.3751,0.012365,1.58787,2.0507,19.683,0.000315,1.3299,1.683
243,0,1,0,27,176,8.8,8.82,3.84,0.096,0.14205,0.0095,2.4633,0.013635,1.60028,1.7628,15.525,0.000545,1.9004,2.182
244,0,1,0,27,232,11.6,11.63,8.017,0.2004,0.00431,0.142,2.1645,0.012771,1.57902,2.128,24.653,0.000864,1.4025,1.7516
245,0,1,0,27,223,11.15,11.23,9.33,0.2332,0.0,1.9889,5.6374,0.010979,1.43812,2.1984,24.52,0.001046,1.6133,2.0253
246,1,0,1,27,469,23.45,23.71,39.917,0.9979,0.04478,0.0588,1.3849,0.011574,1.49283,2.1594,50.569,0.002128,1.734,2.0622
247,1,0,1,27,465,23.25,23.37,40.001,1.0,0.01075,0.1133,1.677,0.009123,1.55529,2.1233,49.325,0.002151,1.6573,2.0394
248,0,1,0,27,302,15.1,15.17,16.776,0.4194,0.06291,0.0083,2.1651,0.012405,1.48274,2.0737,31.396,0.001389,1.9836,2.3338
249,0,1,0,27,67,3.35,3.32,2.261,0.0565,0.0,2.9352,3.9788,0.023165,1.44282,2.6882,8.944,0.000844,1.5286,1.8383
250,0,1,0,27,376,18.8,18.83,33.771,0.8443,0.03457,0.0435,1.2914,0.010172,1.5767,2.1456,40.233,0.002245,1.8046,2.171
251,0,1,0,27,306,15.3,15.32,20.643,0.5161,0.02941,0.0595,2.0013,0.013011,1.43612,2.3738,36.31,0.001687,1.9469,2.3107
252,0,1,0,27,303,15.15,15.16,24.874,0.6218,0.0363,0.0249,1.8148,0.012327,1.50513,2.2293,33.686,0.002052,1.8456,2.239
253,0,1,1,27,479,23.95,24.07,40.017,1.0004,0.09395,0.0143,1.2876,0.011458,1.487,2.0976,50.122,0.002089,2.0585,2.4397
254,0,1,0,27,130,6.5,6.5,5.909,0.1477,0.11538,0.0094,2.3201,0.012966,1.4173,1.977,12.897,0.001136,1.9622,2.2281
255,0,0,0,27,500,25.0,25.16,37.823,0.9456,0.018,0.0659,1.8281,0.010337,1.52441,2.2202,55.413,0.001891,1.646,2.0412
256,0,1,0,27,52,2.6,2.58,-1.365,-0.0341,0.0,2.6673,3.8122,0.016103,1.50294,2.3716,6.196,-0.000656,1.1423,1.4042
257,0,1,0,27,146,7.3,7.32,7.14,0.1785,0.10959,0.0107,2.4437,0.012032,1.66147,1.8426,13.417,0.001223,1.968,2.2741
258,1,0,1,27,481,24.05,24.22,40.005,1.0001,0.03534,0.0241,2.1893,0.014115,1.53793,2.2828,54.83,0.002079,1.9048,2.2333
259,0,1,0,27,108,5.4,5.39,1.898,0.0475,0.25,0.008,1.951,0.012734,1.4554,1.7569,9.379,0.000439,1.5306,1.8219
260,1,0,1,27,460,23.0,23.13,40.075,1.0019,0.0,3.0882,13.9097,0.012542,1.52257,2.6867,61.711,0.002178,0.8938,1.2595
261,1,0,1,27,445,22.25,22.31,39.975,0.9994,0.0,0.1503,1.8488,0.010338,1.52163,2.2867,50.833,0.002246,1.3403,1.6749
262,0,1,0,27,261,13.05,13.12,5.417,0.1354,0.0728,0.0092,4.2037,0.011634,1.51567,2.0534,26.749,0.000519,1.5874,1.9028
263,0,1,0,27,404,20.2,20.23,33.392,0.8348,0.04703,0.026,1.5563,0.01107,1.5068,2.2015,44.401,0.002066,2.0149,2.3682
264,0,1,0,27,451,22.55,22.65,33.866,0.8467,0.03104,0.0178,1.8737,0.010732,1.59435,2.0975,47.153,0.001877,1.7851,2.1682
265,0,1,0,27,234,11.7,11.8,15.452,0.3863,0.09829,0.0094,1.7773,0.012205,1.45724,1.9453,22.729,0.001651,2.1779,2.4975
266,0,1,0,27,170,8.5,8.51,8.985,0.2246,0.13529,0.0086,1.9427,0.013931,1.46158,2.007,17.049,0.001321,1.7694,2.1168
267,0,1,0,27,146,7.3,7.34,8.03,0.2007,0.15068,0.0082,1.2427,0.012302,1.54477,1.8661,13.647,0.001375,2.1969,2.5379
268,0,1,0,27,76,3.8,3.78,1.459,0.0365,0.0,2.2568,3.637,0.016907,1.45592,2.385,8.937,0.00048,1.2454,1.5425
269,0,1,0,27,50,2.5,2.48,-0.422,-0.0106,0.0,2.1961,3.1943,0.015766,1.58524,2.5053,6.28,-0.000211,1.0583,1.3243
270,0,1,0,27,211,10.55,10.57,12.182,0.3046,0.08531,0.0044,1.8795,0.011202,1.56577,1.8372,19.364,0.001443,1.8399,2.1854
271,0,1,0,27,237,11.85,11.9,13.232,0.3308,0.03797,0.0582,1.8381,0.011848,1.51258,2.02,23.843,0.001396,1.8158,2.1948
272,0,1,0,27,53,2.65,2.64,-0.04,-0.001,0.0,3.5366,4.4862,0.016666,1.43866,2.7428,7.146,-1.9e-05,1.1293,1.476
273,0,1,0,27,193,9.65,9.68,6.859,0.1715,0.08808,0.008,2.5049,0.013047,1.52376,2.0414,19.592,0.000888,1.3377,1.6721
274,1,0,1,27,464,23.2,23.37,40.052,1.0013,0.0194,0.0623,1.6553,0.010576,1.47934,2.2788,52.831,0.002158,1.9823,2.3638
275,0,1,0,27,470,23.5,23.64,33.084,0.8271,0.0,0.2083,2.913,0.012071,1.44867,2.3735,55.644,0.00176,1.7135,2.0555
276,1,0,1,27,463,23.15,23.32,40.002,1.0001,0.0108,0.0618,1.506,0.010188,1.57058,2.173,50.258,0.00216,1.7102,2.0756
277,0,1,0,27,56,2.8,2.79,0.563,0.0141,0.0,3.2801,4.211,0.01683,1.56819,2.7109,7.529,0.000251,1.155,1.4258
278,0,1,0,27,87,4.35,4.35,-2.754,-0.0688,0.0,3.454,5.8808,0.015075,1.52262,2.5039,10.77,-0.000791,0.9059,1.1662
279,1,0,1,27,461,23.05,23.17,40.104,1.0026,0.01302,0.0635,1.5465,0.011741,1.50371,2.3599,54.291,0.002175,1.7833,2.184
280,0,1,1,27,464,23.2,23.4,40.044,1.0011,0.03664,0.0125,1.3447,0.010318,1.52429,2.1201,49.128,0.002158,1.8512,2.2636
281,0,1,0,27,375,18.75,18.82,12.283,0.3071,0.0,0.4651,2.1775,0.014288,1.57641,2.2754,42.62,0.000819,1.4185,1.7235
282,0,1,0,27,411,20.55,20.64,33.857,0.8464,0.03406,0.0138,1.6857,0.010673,1.53601,2.1029,43.179,0.002059,2.0218,2.3623
283,0,1,1,27,462,23.1,23.31,40.082,1.0021,0.06494,0.009,1.4959,0.012997,1.42155,2.1966,50.689,0.002169,2.1894,2.5511
284,0,1,0,27,386,19.3,19.59,34.405,0.8601,0.05181,0.0049,1.3015,0.01102,1.55359,2.1383,41.201,0.002228,1.9351,2.2955
285,0,1,0,27,218,10.9,10.96,10.014,0.2503,0.04128,0.0592,1.986,0.014583,1.4224,2.2189,24.062,0.001148,1.8978,2.1979
286,0,1,0,27,494,24.7,24.8,15.801,0.395,0.0,2.8759,18.5051,0.012731,1.52594,2.6506,65.396,0.0008,0.5657,0.9494
287,0,1,0,27,56,2.8,2.79,-2.999,-0.075,0.0,2.9796,4.3544,0.01699,1.51116,2.5249,6.948,-0.001339,1.0807,1.3464
288,0,1,1,27,493,24.65,24.88,40.061,1.0015,0.07099,0.0121,1.5718,0.011663,1.49296,2.1475,52.858,0.002032,2.0555,2.3828
289,0,1,0,27,329,16.45,16.52,23.261,0.5815,0.07599,0.0112,1.763,0.010995,1.55448,1.9958,32.812,0.001768,1.901,2.237
290,0,1,0,27,193,9.65,9.69,8.263,0.2066,0.12435,0.0069,2.2791,0.012415,1.48065,1.8878,18.176,0.00107,1.6206,1.9174
291,0,1,0,27,258,12.9,12.98,16.87,0.4218,0.0,1.658,3.9441,0.01238,1.48738,2.38,30.785,0.001635,2.7899,3.1923
292,0,1,0,27,387,19.35,19.44,33.61,0.8403,0.06202,0.0242,1.5459,0.012208,1.56914,2.1899,42.254,0.002171,1.9969,2.36
293,0,1,0,27,50,2.5,2.48,-2.318,-0.0579,0.0,3.2794,4.4125,0.020998,1.66326,2.5209,6.127,-0.001159,1.0042,1.3147
294,0,1,0,27,342,17.1,17.18,20.725,0.5181,0.07602,0.0199,1.93,0.012481,1.56855,2.1162,36.174,0.001515,1.7672,2.1493
295,0,1,0,27,75,3.75,3.74,-3.597,-0.0899,0.0,3.4314,4.9444,0.017641,1.4948,2.9082,10.836,-0.001199,1.2819,1.7608
296,0,1,0,27,286,14.3,14.34,21.162,0.5291,0.02098,0.0364,2.2636,0.012367,1.52747,2.2592,32.169,0.00185,1.733,2.0438
297,0,1,0,27,350,17.5,17.6,15.277,0.3819,0.0,0.3737,2.5865,0.012931,1.64635,2.0343,35.529,0.001091,1.4461,1.7272
298,0,1,0,27,296,14.8,14.97,23.35,0.5838,0.03041,0.0188,1.3437,0.012347,1.51838,2.1659,32.083,0.001972,1.7161,2.073
299,0,1,0,27,392,19.6,19.68,30.401,0.76,0.02806,0.0171,1.7264,0.010442,1.52617,2.0884,40.852,0.001939,1.7052,2.092
300,0,1,0,27,230,11.5,11.53,12.151,0.3038,0.10435,0.0275,2.1152,0.012592,1.4748,2.0171,23.134,0.001321,1.7339,2.05
301,0,1,1,27,469,23.45,23.71,40.072,1.0018,0.03198,0.0136,1.5919,0.010787,1.49119,2.2729,53.24,0.002136,1.8041,2.1634
302,0,1,0,27,131,6.55,6.57,6.029,0.1507,0.21374,0.0074,1.8954,0.011967,1.42736,1.7896,11.692,0.001151,1.5463,1.8969
303,0,0,0,27,500,25.0,25.19,33.351,0.8338,0.014,0.0243,2.2047,0.0121,1.5004,2.2249,55.526,0.001668,1.7439,2.0719
304,0,0,0,27,500,25.0,25.32,39.527,0.9882,0.062,0.0586,1.4044,0.010462,1.55184,2.0823,51.982,0.001976,1.8701,2.2328
305,0,1,1,27,448,22.4,22.6,40.014,1.0004,0.03795,0.0134,1.4114,0.012024,1.53785,2.2489,50.316,0.002233,1.8778,2.2183
306,0,1,0,27,437,21.85,21.95,33.224,0.8306,0.02975,0.0599,1.7235,0.011421,1.47959,2.3044,50.232,0.001901,1.7576,2.1177
307,0,1,1,27,488,24.4,24.51,39.817,0.9954,0.06762,0.014,1.3977,0.011417,1.52945,2.1102,51.412,0.00204,1.933,2.3003
308,0,1,0,27,252,12.6,12.68,9.288,0.2322,0.0,1.0112,6.1298,0.01237,1.56436,2.2224,27.884,0.000921,1.5271,1.9246
309,0,1,0,27,373,18.65,18.75,27.993,0.6998,0.06434,0.0122,2.0992,0.011871,1.57221,2.1657,40.228,0.001876,2.0702,2.3976
310,1,0,1,27,447,22.35,22.42,40.004,1.0001,0.03579,0.0477,1.4893,0.010741,1.50585,2.2841,50.993,0.002237,1.9631,2.3356
311,0,1,0,27,219,10.95,10.95,13.66,0.3415,0.15068,0.0053,1.8735,0.012305,1.64802,2.049,22.399,0.001559,2.045,2.3706
312,1,0,1,27,466,23.3,23.38,40.023,1.0006,0.01073,0.0614,1.8104,0.010715,1.44067,2.3089,53.776,0.002147,1.6816,2.0637
313,1,0,1,27,477,23.85,24.09,40.091,1.0023,0.02516,0.0601,2.1323,0.012682,1.41974,2.2902,54.539,0.002101,2.1542,2.4729
314,0,1,0,27,215,10.75,10.81,13.425,0.3356,0.10233,0.0097,1.4262,0.01214,1.59134,1.9467,20.888,0.001561,1.9687,2.3048
315,0,1,0,27,196,9.8,9.79,14.655,0.3664,0.02041,0.061,1.6987,0.014805,1.44402,2.3307,22.759,0.001869,1.9696,2.293
316,0,1,0,27,137,6.85,6.86,8.032,0.2008,0.13869,0.0065,2.0205,0.011468,1.42922,1.978,13.598,0.001466,2.0326,2.346
317,0,1,0,27,146,7.3,7.32,6.476,0.1619,0.07534,0.0347,2.1728,0.013474,1.58954,1.9913,14.423,0.001109,1.8479,2.139
318,0,1,0,27,179,8.95,9.01,7.294,0.1823,0.0,0.3074,3.3885,0.015209,1.39713,2.3275,20.833,0.001019,1.5163,1.7552
319,0,1,0,27,255,12.75,12.85,14.124,0.3531,0.07451,0.0062,1.8784,0.010892,1.5929,1.9469,24.903,0.001385,1.6911,1.9997
320,0,1,0,27,386,19.3,19.39,26.859,0.6715,0.03627,0.0596,1.7641,0.011409,1.53334,2.2058,42.482,0.00174,2.012,2.3541
321,0,1,1,27,430,21.5,21.67,40.043,1.0011,0.04651,0.0112,1.5143,0.011518,1.50809,2.2615,48.598,0.002328,1.6645,2.0521
322,0,1,0,27,195,9.75,9.78,12.383,0.3096,0.01538,0.0611,2.4977,0.012469,1.40225,2.2531,22.001,0.001588,1.5543,1.8331
323,0,1,0,27,214,10.7,10.73,11.407,0.2852,0.0,0.2793,2.7915,0.014001,1.35145,2.1088,22.538,0.001333,1.6587,1.9357
324,1,0,1,27,433,21.65,21.8,39.919,0.998,0.0,0.3544,1.7697,0.013544,1.42656,2.5202,54.489,0.002305,1.625,1.9685
325,1,0,1,27,449,22.45,22.61,40.005,1.0001,0.02227,0.0615,1.4708,0.010347,1.48053,2.236,50.14,0.002227,1.8956,2.2657
326,0,0,0,27,500,25.0,25.17,39.797,0.9949,0.008,0.0616,1.9343,0.011107,1.46116,2.2996,57.423,0.00199,1.8614,2.2265
327,0,1,0,27,418,20.9,20.98,36.864,0.9216,0.0311,0.063,1.893,0.012695,1.46149,2.4594,51.324,0.002205,1.7114,2.0931
328,1,0,1,27,468,23.4,23.57,40.012,1.0003,0.03846,0.0607,1.438,0.01085,1.53608,2.086,48.704,0.002137,1.8118,2.1819
329,1,0,1,27,457,22.85,23.0,40.016,1.0004,0.02407,0.0554,1.7256,0.009955,1.56975,2.1205,48.417,0.002189,1.8127,2.1846
330,0,1,0,27,55,2.75,2.74,-3.039,-0.076,0.0,3.4077,4.5956,0.016536,1.6404,2.5515,6.974,-0.001381,1.0679,1.3052
331,0,1,0,27,80,4.0,3.98,-2.851,-0.0713,0.0,3.4328,5.0955,0.017166,1.4793,2.3363,9.322,-0.000891,0.9839,1.2625
332,0,1,0,27,94,4.7,4.68,1.502,0.0376,0.04255,0.0595,2.3908,0.012682,1.39288,2.0074,9.468,0.000399,1.2492,1.5577
333,0,1,0,27,362,18.1,18.17,29.883,0.7471,0.01381,0.1086,1.5348,0.01107,1.56446,2.2201,40.244,0.002064,1.6396,2.0112
334,0,1,0,27,325,16.25,16.3,11.399,0.285,0.0,0.3425,3.6804,0.011921,1.50636,2.2423,36.351,0.000877,2.0129,2.3626
335,0,1,0,27,197,9.85,9.87,9.597,0.2399,0.07107,0.0102,1.9583,0.01206,1.57001,1.9958,19.652,0.001218,1.6994,2.0496
336,0,1,0,27,156,7.8,7.81,9.22,0.2305,0.15385,0.0096,1.5652,0.011952,1.49206,2.0357,15.809,0.001478,1.8556,2.1992
337,0,1,0,27,258,12.9,12.94,15.459,0.3865,0.0969,0.0084,1.782,0.012058,1.67056,1.8913,24.273,0.001498,1.6087,1.9623
338,0,1,0,27,51,2.55,2.52,-4.028,-0.1007,0.0,2.2451,4.2005,0.015837,1.46773,2.8084,7.099,-0.001975,0.9995,1.2967
339,0,1,0,27,156,7.8,7.83,4.564,0.1141,0.17308,0.0082,2.1158,0.013962,1.48965,1.8575,14.471,0.000731,1.9832,2.2732
340,0,1,0,27,213,10.65,10.71,10.44,0.261,0.0,0.2867,2.6098,0.013502,1.52739,2.1643,22.916,0.001225,1.7572,2.0879
341,0,0,0,27,500,25.0,25.1,37.506,0.9376,0.0,2.8773,16.5538,0.010996,1.53168,2.6265,65.581,0.001875,0.7501,1.116
342,0,1,0,27,143,7.15,7.16,8.397,0.2099,0.0979,0.007,1.703,0.011434,1.46591,2.0696,14.7,0.001468,1.7788,2.0716
343,0,1,0,27,53,2.65,2.64,-3.436,-0.0859,0.0,2.3897,3.789,0.016465,1.67959,2.7271,7.12,-0.001621,0.9939,1.3282
344,0,1,0,27,500,25.0,25.17,31.778,0.7944,0.03,0.0082,2.4539,0.011165,1.49332,2.1113,52.696,0.001589,1.4366,1.7673
345,0,1,1,27,430,21.5,21.69,39.891,0.9973,0.0186,0.0,1.7637,0.012421,1.55379,2.3991,51.537,0.002319,1.937,2.2874
346,0,1,0,27,417,20.85,20.89,29.591,0.7398,0.03597,0.0607,1.4091,0.012536,1.47821,2.1154,44.128,0.001774,2.0991,2.4066
347,0,1,0,27,47,2.35,2.33,-2.617,-0.0654,0.0,2.3001,3.5966,0.01624,1.72428,2.351,5.585,-0.001392,1.1754,1.4368
348,0,1,0,27,163,8.15,8.18,5.432,0.1358,0.01227,0.1285,2.8716,0.015681,1.54001,2.0085,16.383,0.000833,2.0254,2.3448
349,0,1,0,27,386,19.3,19.35,30.233,0.7558,0.09067,0.0061,1.4796,0.012537,1.52039,2.2037,42.508,0.001958,2.2854,2.6449
350,0,1,0,27,242,12.1,12.13,15.757,0.3939,0.09091,0.008,1.878,0.011003,1.45243,1.9639,23.758,0.001628,1.8273,2.1399
351,0,1,0,27,108,5.4,5.4,3.665,0.0916,0.14815,0.0048,2.7908,0.013294,1.60098,1.9139,10.262,0.000848,1.5387,1.8298
352,1,0,1,27,477,23.85,24.03,40.014,1.0003,0.06289,0.0417,1.6142,0.010368,1.53327,2.1143,50.353,0.002097,1.7212,2.1004
353,0,1,0,27,240,12.0,12.06,15.043,0.3761,0.11667,0.0,1.3033,0.011808,1.54122,2.0783,24.894,0.001567,1.8448,2.1355
354,0,0,0,27,500,25.0,25.25,1.279,0.032,0.0,2.3745,12.268,0.009217,1.50972,2.2976,57.38,6.4e-05,0.7536,1.0941
355,0,1,0,27,301,15.05,15.14,22.443,0.5611,0.04651,0.0522,1.4568,0.012128,1.55331,2.171,32.622,0.001864,1.9106,2.3389
356,0,1,0,27,214,10.7,10.75,12.728,0.3182,0.01869,0.0595,2.0404,0.01339,1.50766,2.2353,23.904,0.001487,1.6126,1.8924
357,0,1,0,27,309,15.45,15.52,5.163,0.1291,0.0,1.3199,5.5628,0.012317,1.54988,2.2052,34.082,0.000418,1.3233,1.6808
358,0,1,0,27,422,21.1,21.23,30.731,0.7683,0.05687,0.0212,1.7034,0.012572,1.45943,2.1539,45.38,0.001821,2.0115,2.3446
359,0,1,0,27,285,14.25,14.32,22.208,0.5552,0.02456,0.0426,1.5169,0.010525,1.59485,2.1807,31.068,0.001948,1.9366,2.3092
360,1,0,1,27,492,24.6,24.78,40.064,1.0016,0.03049,0.0328,1.9666,0.011397,1.55753,2.2593,55.491,0.002036,1.8672,2.2151
361,0,0,0,27,500,25.0,25.19,38.876,0.9719,0.01,0.0639,1.6434,0.011426,1.5824,2.1294,53.119,0.001944,2.0227,2.3645
362,0,1,0,27,205,10.25,10.25,11.506,0.2876,0.13171,0.0587,1.25,0.013225,1.66412,1.8534,18.9,0.001403,1.9728,2.3189
363,0,1,0,27,249,12.45,12.49,14.71,0.3678,0.11647,0.0037,2.1054,0.01468,1.3687,2.2497,28.028,0.001477,2.0598,2.3301
364,0,1,0,27,421,21.05,21.13,38.856,0.9714,0.01188,0.0556,1.8689,0.013683,1.43823,2.5594,53.611,0.002307,1.8023,2.1477
365,0,1,0,27,285,14.25,14.37,24.314,0.6079,0.0386,0.0565,1.6671,0.012015,1.40856,2.279,32.283,0.002133,1.9968,2.3622
366,0,1,0,27,363,18.15,18.29,29.388,0.7347,0.07438,0.0112,1.2684,0.012126,1.47626,2.153,38.932,0.002024,2.1281,2.4761
367,1,0,1,27,442,22.1,22.32,40.039,1.001,0.0,0.1982,1.5016,0.010042,1.51417,2.1583,47.673,0.002265,1.786,2.1536
368,0,1,0,27,110,5.5,5.52,2.294,0.0574,0.03636,0.0584,2.731,0.016408,1.55674,1.976,10.785,0.000521,1.2799,1.5269
369,0,1,0,27,166,8.3,8.34,6.391,0.1598,0.12651,0.0302,3.5111,0.012224,1.57793,1.8324,15.173,0.000963,1.5351,1.8388
370,0,1,0,27,378,18.9,19.03,30.566,0.7641,0.02646,0.0182,1.3112,0.011263,1.53682,2.1431,40.378,0.002022,1.9928,2.3389
371,0,1,0,27,377,18.85,18.87,21.269,0.5317,0.03183,0.0127,2.5706,0.011496,1.60277,2.0769,39.043,0.00141,1.775,2.1008
372,0,1,0,27,151,7.55,7.56,4.164,0.1041,0.08609,0.011,3.0025,0.013587,1.49756,2.1647,16.331,0.000689,1.7209,1.9997
373,0,1,0,27,113,5.65,5.65,1.504,0.0376,0.06195,0.0372,2.7161,0.013596,1.60425,2.0154,11.327,0.000333,1.4121,1.7001
374,0,1,0,27,341,17.05,17.12,20.282,0.5071,0.04106,0.0603,1.7944,0.012856,1.45961,2.2531,38.369,0.001487,1.6763,2.0266
375,0,1,1,27,472,23.6,23.71,39.786,0.9946,0.09534,0.0114,1.0998,0.010674,1.55478,1.9724,46.524,0.002107,2.0063,2.36
376,0,1,0,27,115,5.75,5.72,3.728,0.0932,0.05217,0.064,2.7667,0.014172,1.67476,2.1347,12.191,0.00081,1.5014,1.7924
377,0,1,0,27,325,16.25,16.32,21.256,0.5314,0.04308,0.0247,2.315,0.012309,1.39202,2.2038,35.765,0.001635,1.7642,2.0919
378,0,1,0,27,217,10.85,10.91,15.766,0.3942,0.08295,0.0093,2.0309,0.012311,1.47318,2.0875,22.515,0.001816,1.5668,1.899
379,0,1,0,27,204,10.2,10.24,13.571,0.3393,0.03431,0.0286,2.2123,0.012065,1.44717,2.2545,22.897,0.001663,1.6469,1.9061
380,0,1,0,27,287,14.35,14.39,21.233,0.5308,0.06969,0.0143,1.6737,0.012588,1.51565,2.0878,29.862,0.00185,2.1741,2.492
381,0,1,0,27,218,10.9,10.91,14.826,0.3706,0.01835,0.0561,2.1481,0.011474,1.54849,2.01,21.825,0.0017,1.8225,2.1515
382,0,0,0,27,500,25.0,25.19,39.201,0.98,0.01,0.0572,1.4377,0.011915,1.5202,2.2691,56.599,0.00196,2.0655,2.4381
383,0,1,0,27,343,17.15,17.28,28.176,0.7044,0.0,0.1789,1.9176,0.011753,1.45809,2.3086,39.529,0.002054,1.5502,1.8633
384,0,1,0,27,163,8.15,8.17,9.123,0.2281,0.1411,0.0098,1.9138,0.012908,1.51211,2.1649,17.679,0.001399,1.7963,2.1369
385,1,0,1,27,447,22.35,22.53,40.021,1.0005,0.0,0.2832,1.9862,0.010435,1.54505,2.263,50.528,0.002238,1.4659,1.8529
386,0,1,0,27,389,19.45,19.62,31.443,0.7861,0.01285,0.0406,1.7609,0.011674,1.5235,2.2505,43.694,0.002021,1.5086,1.8742
387,0,1,0,27,300,15.0,15.06,14.896,0.3724,0.07333,0.0625,2.9198,0.010928,1.5121,1.9843,29.666,0.001241,1.6859,2.0481
388,1,0,1,27,434,21.7,21.92,40.099,1.0025,0.0,0.2697,1.5984,0.010908,1.49589,2.4438,52.952,0.00231,1.6011,1.9429
389,0,1,1,27,480,24.0,24.17,40.008,1.0002,0.025,0.0186,1.6959,0.009628,1.50617,2.1575,51.704,0.002084,1.7327,2.1078
390,0,1,0,27,441,22.05,22.2,37.574,0.9394,0.01814,0.0693,1.835,0.012276,1.51222,2.3312,51.281,0.00213,1.5968,1.9164
391,0,1,0,27,93,4.65,4.67,4.543,0.1136,0.0,0.7684,3.4467,0.015957,1.6202,2.3672,10.939,0.001221,1.2086,1.4545
392,0,1,0,27,140,7.0,7.0,2.88,0.072,0.12143,0.0071,3.2968,0.012313,1.47434,1.7682,12.367,0.000514,1.4217,1.6887
393,0,1,0,27,381,19.05,19.14,31.273,0.7818,0.01312,0.0637,1.6031,0.012247,1.50236,2.2875,43.485,0.002052,1.8625,2.2055
394,1,0,1,27,431,21.55,21.66,40.01,1.0002,0.02784,0.0603,1.5177,0.012286,1.46144,2.3603,50.729,0.002321,1.7362,2.0594
395,0,1,0,27,422,21.1,21.17,27.98,0.6995,0.02133,0.0325,2.5437,0.009754,1.57302,2.1304,44.873,0.001658,1.7277,2.0841
396,1,0,1,27,444,22.2,22.4,39.661,0.9915,0.01351,0.0625,1.3877,0.010246,1.57582,2.2594,50.122,0.002233,1.6667,2.064
397,0,1,0,27,141,7.05,7.1,5.386,0.1347,0.0,1.9802,4.0009,0.0147,1.49821,2.5465,17.765,0.000955,1.0056,1.3765
398,0,1,0,27,52,2.6,2.59,-2.627,-0.0657,0.0,3.4039,4.7822,0.013664,1.55216,2.5057,6.551,-0.001263,0.9757,1.269
399,0,1,0,27,301,15.05,15.13,17.865,0.4466,0.0897,0.0137,1.4935,0.013602,1.42045,2.1332,32.071,0.001484,1.9193,2.2553
400,0,1,0,27,500,25.0,25.18,29.99,0.7498,0.042,0.0166,2.4427,0.01059,1.52071,2.1436,53.498,0.0015,1.5382,1.876
401,0,1,0,27,243,12.15,12.19,15.143,0.3786,0.04527,0.0551,1.7674,0.013132,1.41695,2.1144,25.549,0.001558,2.2206,2.5808
402,1,0,1,27,469,23.45,23.58,40.054,1.0013,0.02559,0.0466,1.7319,0.010592,1.58256,2.2135,51.847,0.002135,1.8565,2.2269
403,1,0,1,27,458,22.9,23.06,40.06,1.0015,0.01528,0.0209,1.7614,0.011356,1.48259,2.3487,53.686,0.002187,1.7922,2.1481
404,0,1,0,27,140,7.0,7.02,3.476,0.0869,0.0,2.064,3.783,0.015571,1.4653,2.5418,17.708,0.000621,1.6293,2.0579
405,1,0,1,27,436,21.8,21.96,39.766,0.9941,0.02523,0.0368,1.5456,0.011534,1.43157,2.3649,51.505,0.00228,1.9178,2.3153
406,0,1,0,27,292,14.6,14.7,13.862,0.3465,0.05822,0.0079,2.8818,0.011027,1.57862,2.0185,29.435,0.001187,1.4628,1.7948
407,0,1,0,27,263,13.15,13.2,10.536,0.2634,0.11407,0.0077,2.0261,0.01383,1.52778,2.1207,27.878,0.001002,1.8556,2.177
408,1,0,1,27,437,21.85,22.01,40.02,1.0005,0.01602,0.06,1.5334,0.010771,1.40753,2.353,51.26,0.002289,1.9851,2.3341
409,0,1,0,27,267,13.35,13.48,18.251,0.4563,0.08989,0.0588,2.0391,0.014822,1.47267,2.1943,29.211,0.001709,2.2273,2.5879
410,0,1,0,27,177,8.85,8.93,1.334,0.0334,0.0,3.1896,6.2833,0.014301,1.23617,2.1629,19.147,0.000188,0.835,1.2396
411,0,1,0,27,127,6.35,6.4,2.141,0.0535,0.12598,0.008,2.406,0.015091,1.25921,2.092,13.271,0.000422,1.7542,2.0977
412,0,1,0,27,163,8.15,8.15,5.956,0.1489,0.11656,0.0091,2.4549,0.011915,1.49308,1.7872,14.533,0.000913,1.4942,1.7444
413,0,1,0,27,190,9.5,9.64,7.625,0.1906,0.12105,0.0092,2.3565,0.014323,1.60534,1.9802,18.754,0.001003,1.393,1.661
414,0,1,0,27,53,2.65,2.62,-1.538,-0.0384,0.0,2.5314,3.563,0.015313,1.64026,2.3405,6.188,-0.000725,1.1085,1.3655
415,0,1,0,27,122,6.1,6.09,5.739,0.1435,0.13115,0.0068,2.4384,0.012371,1.52383,1.895,11.519,0.001176,1.6957,1.9935
416,0,1,0,27,53,2.65,2.63,1.283,0.0321,0.0,3.2312,3.8362,0.019061,1.75846,2.472,6.439,0.000605,0.9878,1.3368
417,0,1,0,27,210,10.5,10.54,14.392,0.3598,0.08571,0.0062,1.944,0.011381,1.49267,1.9607,20.55,0.001713,1.8934,2.2035
418,0,1,0,27,296,14.8,14.91,20.333,0.5083,0.0,0.1679,1.6961,0.010487,1.49242,2.1987,32.371,0.001717,1.4512,1.8457
419,1,0,1,27,465,23.25,23.41,40.02,1.0005,0.0,0.2182,1.6848,0.009871,1.46833,2.1633,50.232,0.002152,1.8663,2.203
420,0,1,0,27,500,25.0,25.17,32.622,0.8155,0.186,0.0069,1.2249,0.008997,1.57769,1.779,44.411,0.001631,2.0254,2.4453
421,0,1,0,27,218,10.9,10.94,12.068,0.3017,0.11468,0.0062,1.7775,0.01385,1.42192,2.1536,23.482,0.001384,1.7474,2.0903
422,0,1,0,27,253,12.65,12.77,-0.355,-0.0089,0.0,1.3372,7.3684,0.015466,1.41989,2.8501,35.984,-3.5e-05,1.1166,1.6011
423,0,1,0,27,154,7.7,7.74,8.583,0.2146,0.03896,0.0475,1.9485,0.013023,1.55764,2.1704,16.663,0.001393,1.2668,1.464
424,0,1,0,27,232,11.6,11.63,14.056,0.3514,0.10776,0.0089,1.9079,0.013152,1.48021,2.0039,23.116,0.001515,1.7232,2.0566
425,0,1,0,27,134,6.7,6.74,8.116,0.2029,0.0,0.1782,2.5004,0.012266,1.50205,2.2521,15.091,0.001514,1.1708,1.3883
426,0,1,0,27,111,5.55,5.57,5.088,0.1272,0.0,1.9297,3.3228,0.017428,1.44332,2.4271,13.29,0.001146,1.1344,1.39
427,0,1,0,27,149,7.45,7.49,6.846,0.1711,0.14765,0.0088,1.5,0.013491,1.60506,1.8553,13.797,0.001149,1.7929,2.0599
428,0,1,1,27,480,24.0,24.24,40.052,1.0013,0.0625,0.0097,1.3379,0.0124,1.41868,2.2818,54.605,0.002086,1.673,1.9872
429,0,1,0,27,150,7.5,7.57,6.733,0.1683,0.02667,0.0564,2.7884,0.012996,1.45853,1.9952,14.847,0.001122,1.7687,2.1128
430,0,0,0,27,500,25.0,25.15,30.357,0.7589,0.0,0.4651,3.3859,0.010924,1.53224,2.2047,55.071,0.001518,1.4749,1.7882
431,0,1,0,27,102,5.1,5.11,-3.918,-0.098,0.0,3.6754,7.3096,0.015788,1.57327,2.6153,13.176,-0.00096,0.9216,1.2269
432,0,1,1,27,474,23.7,23.93,39.99,0.9998,0.03376,0.0149,1.4874,0.011151,1.44867,2.2251,52.645,0.002109,2.168,2.5539
433,0,1,0,27,84,4.2,4.2,-1.262,-0.0316,0.0,2.196,4.3946,0.016205,1.51333,2.3981,10.111,-0.000376,0.9043,1.2073
434,0,1,0,27,500,25.0,25.14,31.22,0.7805,0.042,0.0158,2.6476,0.010793,1.54619,2.1283,53.118,0.001561,1.6759,1.9979
435,0,1,0,27,259,12.95,13.05,9.237,0.2309,0.07336,0.0087,3.4279,0.015654,1.37461,2.5427,32.866,0.000892,1.7106,2.1366
436,0,0,0,27,500,25.0,25.3,33.509,0.8377,0.0,2.8773,15.9239,0.012176,1.53334,2.6296,65.66,0.001675,0.7822,1.1255
437,0,1,0,27,290,14.5,14.6,15.559,0.389,0.04828,0.0583,2.6665,0.012825,1.41017,2.1537,31.167,0.001341,1.785,2.1107
438,0,1,0,27,77,3.85,3.82,-2.803,-0.0701,0.0,2.0822,4.0529,0.01738,1.73448,2.5198,9.582,-0.00091,1.0861,1.3364
439,0,0,0,27,500,25.0,25.16,14.561,0.364,0.012,0.063,7.4348,0.00992,1.49309,2.1815,54.467,0.000728,1.3037,1.6732
440,0,1,0,27,101,5.05,5.05,1.447,0.0362,0.0,1.1682,2.6187,0.012901,1.63725,2.0274,10.251,0.000358,0.9813,1.2893
441,0,1,0,27,469,23.45,23.62,37.605,0.9401,0.01066,0.0621,1.6274,0.012271,1.52712,2.2555,52.74,0.002005,1.554,1.9222
442,0,1,0,27,57,2.85,2.84,-1.954,-0.0488,0.0,2.4278,3.2333,0.019496,1.42258,2.6051,7.334,-0.000857,1.1746,1.4683
443,0,1,0,27,151,7.55,7.58,8.796,0.2199,0.11258,0.0088,2.2247,0.012369,1.62569,1.8903,14.179,0.001456,1.8557,2.1332
444,0,1,0,27,500,25.0,25.1,36.418,0.9104,0.032,0.0152,1.7035,0.011082,1.53992,2.1588,53.918,0.001821,2.1423,2.5251
445,0,1,0,27,167,8.35,8.38,5.275,0.1319,0.02395,0.0678,1.7689,0.016121,1.35387,2.3908,19.883,0.00079,1.7695,2.0478
446,0,1,0,27,388,19.4,19.46,27.301,0.6825,0.06959,0.0085,1.5974,0.012038,1.57224,2.0012,38.864,0.001759,2.0892,2.4289
447,0,1,0,27,348,17.4,17.5,27.605,0.6901,0.03161,0.0504,1.7441,0.011088,1.52533,2.1938,38.175,0.001983,1.8079,2.1347
448,0,1,0,27,283,14.15,14.23,20.849,0.5212,0.09187,0.0155,1.4702,0.012631,1.47955,2.0593,29.058,0.001842,2.2746,2.6282
449,1,0,1,27,472,23.6,23.82,39.83,0.9957,0.0339,0.0628,1.2537,0.011523,1.50666,2.1709,51.193,0.00211,1.9165,2.2891
450,1,0,1,27,433,21.65,21.82,39.978,0.9994,0.01617,0.065,1.431,0.009642,1.51504,2.1332,46.144,0.002308,1.7886,2.1983
451,0,1,0,27,369,18.45,18.6,30.25,0.7562,0.03252,0.0136,1.4592,0.010973,1.60226,2.1192,39.023,0.002049,1.831,2.1829
452,1,0,1,27,442,22.1,22.21,39.726,0.9932,0.04072,0.0519,1.4403,0.014182,1.41281,2.5913,57.244,0.002247,2.4407,2.8572
453,0,1,0,27,159,7.95,7.98,2.575,0.0644,0.09434,0.0079,3.4385,0.013005,1.59535,1.9723,15.553,0.000405,1.8105,2.0941
454,0,1,0,27,301,15.05,15.1,23.995,0.5999,0.03322,0.062,1.455,0.01284,1.46652,2.2278,33.41,0.001993,1.9573,2.3209
455,0,1,0,27,48,2.4,2.39,-1.986,-0.0497,0.0,3.5852,4.5253,0.017095,1.86226,2.5073,5.953,-0.001035,1.104,1.3642
456,0,1,0,27,138,6.9,6.92,7.178,0.1794,0.0,2.8475,4.1298,0.014795,1.4761,2.2425,15.476,0.0013,1.1486,1.4248
457,1,0,1,27,464,23.2,23.3,40.042,1.0011,0.0,0.3598,2.0128,0.010125,1.48424,2.3393,54.212,0.002157,1.3716,1.699
458,0,1,0,27,273,13.65,13.7,5.843,0.1461,0.10623,0.0108,4.1138,0.012375,1.49718,2.1202,28.918,0.000535,1.5108,1.8416
459,0,1,0,27,54,2.7,2.68,-1.765,-0.0441,0.0,3.6884,4.3596,0.020335,1.39633,2.5109,6.616,-0.000817,1.1214,1.4211
460,0,0,0,27,500,25.0,25.17,37.77,0.9443,0.116,0.0486,1.4323,0.011385,1.55197,2.0318,50.719,0.001889,2.1433,2.5387
461,0,1,1,27,490,24.5,24.76,39.802,0.995,0.08163,0.007,1.3504,0.010673,1.52674,2.1044,51.522,0.002031,2.0701,2.4701
462,0,1,0,27,205,10.25,10.29,13.082,0.327,0.0878,0.0086,2.0158,0.01071,1.48648,1.9293,19.748,0.001595,1.5815,1.9114
463,0,1,0,27,378,18.9,19.0,8.575,0.2144,0.0,1.7885,8.2105,0.010931,1.43875,2.2848,43.1,0.000567,1.0069,1.3951
464,0,1,0,27,345,17.25,17.33,31.175,0.7794,0.03768,0.0152,1.2124,0.010562,1.5805,2.1638,37.323,0.002259,1.9361,2.2593
465,0,1,1,27,461,23.05,23.25,40.003,1.0001,0.03905,0.0166,1.3973,0.011167,1.51285,2.141,49.253,0.002169,2.148,2.5452
466,0,1,1,27,447,22.35,22.53,40.078,1.0019,0.07159,0.0092,1.5696,0.010508,1.50203,2.2215,49.578,0.002241,1.6929,2.0678
467,0,1,0,27,386,19.3,19.42,33.521,0.838,0.05959,0.0576,1.1709,0.011513,1.51397,2.212,42.612,0.002171,1.9027,2.2166
468,1,0,1,27,498,24.9,25.07,40.011,1.0003,0.01807,0.0629,1.9667,0.010367,1.44408,2.201,54.718,0.002009,1.898,2.2184
469,0,1,0,27,96,4.8,4.83,3.117,0.0779,0.0,1.5925,2.6766,0.016857,1.40202,2.3077,10.965,0.000812,0.9868,1.2757
470,1,0,1,27,480,24.0,24.28,40.062,1.0016,0.00833,0.0956,1.5071,0.010802,1.51653,2.2323,53.533,0.002087,1.6071,1.9974
471,0,1,0,27,162,8.1,8.15,7.69,0.1923,0.0,0.1556,2.715,0.015418,1.47836,2.1104,17.015,0.001187,1.2358,1.5323
472,0,1,0,27,500,25.0,25.26,27.039,0.676,0.364,0.0034,1.1396,0.007482,1.5131,1.3838,34.529,0.001352,2.2293,2.6682
473,0,1,0,27,209,10.45,10.47,10.318,0.258,0.11483,0.0113,2.3585,0.01193,1.46732,1.9201,19.956,0.001234,1.4884,1.8212
474,0,1,0,27,239,11.95,12.02,10.257,0.2564,0.0,2.8817,7.3936,0.012094,1.45578,2.5779,30.855,0.001073,0.8266,1.1815
475,0,1,0,27,184,9.2,9.27,6.267,0.1567,0.0,1.0818,3.8637,0.013949,1.50274,2.1757,20.024,0.000851,1.2614,1.5935
476,1,0,1,27,439,21.95,22.17,40.004,1.0001,0.01822,0.09,1.2884,0.009989,1.5801,2.132,46.748,0.002278,1.9438,2.3353
477,1,0,1,27,454,22.7,22.9,39.791,0.9948,0.04185,0.0608,1.7007,0.011099,1.52545,2.2927,52.009,0.002191,1.8312,2.1742
478,0,1,0,27,278,13.9,13.93,21.37,0.5342,0.03237,0.0182,1.7518,0.010472,1.519,2.0137,27.954,0.001922,1.7155,2.047
479,0,1,0,27,167,8.35,8.4,6.258,0.1565,0.11976,0.0068,2.6878,0.014527,1.40236,1.9873,16.492,0.000937,1.8046,2.1373
480,0,1,0,27,281,14.05,14.14,21.318,0.5329,0.04982,0.0139,1.6605,0.012053,1.48142,2.1496,30.092,0.001897,1.7702,2.1344
481,0,1,0,27,362,18.1,18.08,26.557,0.6639,0.02762,0.0586,1.5014,0.012746,1.53377,2.188,39.579,0.001834,1.8659,2.2509
482,0,1,1,27,463,23.15,23.32,39.948,0.9987,0.04536,0.0155,1.6431,0.011893,1.38519,2.3201,53.626,0.002157,1.9302,2.2912
483,0,1,0,27,358,17.9,17.98,30.715,0.7679,0.01676,0.0487,1.6615,0.009591,1.45755,2.1176,37.866,0.002145,1.8516,2.2307
484,0,1,0,27,389,19.45,19.53,25.646,0.6411,0.01285,0.0679,2.5006,0.011688,1.51735,2.2476,43.618,0.001648,1.8791,2.2675
485,1,0,1,27,458,22.9,23.1,39.722,0.993,0.03493,0.0602,1.3022,0.010488,1.45969,2.1646,49.551,0.002168,1.8737,2.2178
486,0,1,0,27,410,20.5,20.59,27.906,0.6977,0.02927,0.0626,1.4295,0.012029,1.57294,2.2453,45.986,0.001702,1.9174,2.2864
487,0,1,0,27,143,7.15,7.16,6.637,0.1659,0.1049,0.0084,3.0082,0.013359,1.50703,2.0046,14.243,0.00116,1.2628,1.5754
488,1,0,1,27,486,24.3,24.49,40.002,1.0001,0.04938,0.0551,1.4703,0.010831,1.49198,2.1096,51.211,0.002058,1.8384,2.1698
489,0,1,0,27,150,7.5,7.52,3.976,0.0994,0.0,3.4059,5.2306,0.013242,1.47753,2.3631,17.592,0.000663,1.3988,1.7117
490,0,0,0,27,500,25.0,25.23,30.582,0.7645,0.0,3.3604,13.645,0.010921,1.53818,2.5261,63.044,0.001529,0.6587,1.0223
491,0,1,0,27,227,11.35,11.43,3.139,0.0785,0.08811,0.0096,5.0005,0.012096,1.40403,2.1162,24.002,0.000346,1.122,1.407
492,0,1,0,27,435,21.75,21.85,27.073,0.6768,0.0069,0.1344,2.1211,0.012267,1.60117,2.1664,47.007,0.001556,1.8543,2.1767
493,0,1,1,27,496,24.8,25.0,40.047,1.0012,0.04637,0.0141,1.8262,0.010053,1.50505,2.0566,50.889,0.002018,1.775,2.1779
494,1,0,1,27,446,22.3,22.44,40.003,1.0001,0.0157,0.0567,1.3524,0.009443,1.5572,2.1041,46.908,0.002242,1.8143,2.1929
495,0,0,0,27,500,25.0,25.34,32.924,0.8231,0.014,0.0586,2.7433,0.011481,1.47888,2.2537,56.236,0.001646,1.6346,1.9546
496,0,1,0,27,487,24.35,24.5,36.362,0.9091,0.02464,0.0084,1.38,0.010977,1.50374,2.2044,53.67,0.001867,1.8215,2.1445
497,0,1,0,27,439,21.95,22.06,33.206,0.8301,0.04328,0.0308,1.6436,0.01162,1.52515,2.222,48.646,0.001891,1.5922,1.9503
498,0,1,0,27,162,8.1,8.15,8.149,0.2037,0.0,1.417,2.8467,0.0161,1.50267,2.2791,18.343,0.001258,1.5715,1.8109
499,0,1,0,27,500,25.0,25.29,39.603,0.9901,0.034,0.0137,1.7364,0.011192,1.46233,2.2228,55.471,0.00198,1.6951,2.029
